File Name,Protein Name,Peptide Sequence,Isotope Label Type,Total Area Fragment
9-1_Site56A_A1_CalCurve_run_035.wiff,sp|P00433|PER1A_ARMRU,SSDLVALSGGHTFGK,light,0.0015
9-1_Site56A_A2_CalCurve_run_087.wiff,sp|P00433|PER1A_ARMRU,SSDLVALSGGHTFGK,light,0.0008
9-1_Site56A_A3_CalCurve_run_150.wiff,sp|P00433|PER1A_ARMRU,SSDLVALSGGHTFGK,light,0.0019
9-1_Site56A_A4_CalCurve_run_291.wiff,sp|P00433|PER1A_ARMRU,SSDLVALSGGHTFGK,light,0.0014
9-1_Site56A_B1_CalCurve_run_036.wiff,sp|P00433|PER1A_ARMRU,SSDLVALSGGHTFGK,light,0.0081
9-1_Site56A_B2_CalCurve_run_088.wiff,sp|P00433|PER1A_ARMRU,SSDLVALSGGHTFGK,light,0.0046
9-1_Site56A_B3_CalCurve_run_151.wiff,sp|P00433|PER1A_ARMRU,SSDLVALSGGHTFGK,light,0.002
9-1_Site56A_B4_CalCurve_run_299.wiff,sp|P00433|PER1A_ARMRU,SSDLVALSGGHTFGK,light,0.0028
9-1_Site56A_C1_CalCurve_run_037.wiff,sp|P00433|PER1A_ARMRU,SSDLVALSGGHTFGK,light,0.0229
9-1_Site56A_C2_CalCurve_run_089.wiff,sp|P00433|PER1A_ARMRU,SSDLVALSGGHTFGK,light,0.0023
9-1_Site56A_C3_CalCurve_run_152.wiff,sp|P00433|PER1A_ARMRU,SSDLVALSGGHTFGK,light,0.0039
9-1_Site56A_C4_CalCurve_run_300.wiff,sp|P00433|PER1A_ARMRU,SSDLVALSGGHTFGK,light,0.0021
9-1_Site56A_D1_CalCurve_run_038.wiff,sp|P00433|PER1A_ARMRU,SSDLVALSGGHTFGK,light,0.0309
9-1_Site56A_D2_CalCurve_run_090.wiff,sp|P00433|PER1A_ARMRU,SSDLVALSGGHTFGK,light,0.0045
9-1_Site56A_D3_CalCurve_run_153.wiff,sp|P00433|PER1A_ARMRU,SSDLVALSGGHTFGK,light,0.0048
9-1_Site56A_D4_CalCurve_run_304.wiff,sp|P00433|PER1A_ARMRU,SSDLVALSGGHTFGK,light,0.0033
9-1_Site56A_E1_CalCurve_run_041.wiff,sp|P00433|PER1A_ARMRU,SSDLVALSGGHTFGK,light,0.0145
9-1_Site56A_E2_CalCurve_run_093.wiff,sp|P00433|PER1A_ARMRU,SSDLVALSGGHTFGK,light,0.012
9-1_Site56A_E3_CalCurve_run_156.wiff,sp|P00433|PER1A_ARMRU,SSDLVALSGGHTFGK,light,0.0095
9-1_Site56A_E4_CalCurve_run_307.wiff,sp|P00433|PER1A_ARMRU,SSDLVALSGGHTFGK,light,0.0102
9-1_Site56A_F1_CalCurve_run_042.wiff,sp|P00433|PER1A_ARMRU,SSDLVALSGGHTFGK,light,0.0386
9-1_Site56A_F2_CalCurve_run_094.wiff,sp|P00433|PER1A_ARMRU,SSDLVALSGGHTFGK,light,0.0302
9-1_Site56A_F3_CalCurve_run_157.wiff,sp|P00433|PER1A_ARMRU,SSDLVALSGGHTFGK,light,0.0336
9-1_Site56A_F4_CalCurve_run_308.wiff,sp|P00433|PER1A_ARMRU,SSDLVALSGGHTFGK,light,0.0349
9-1_Site56A_G1_CalCurve_run_043.wiff,sp|P00433|PER1A_ARMRU,SSDLVALSGGHTFGK,light,0.139
9-1_Site56A_G2_CalCurve_run_095.wiff,sp|P00433|PER1A_ARMRU,SSDLVALSGGHTFGK,light,0.1272
9-1_Site56A_G3_CalCurve_run_158.wiff,sp|P00433|PER1A_ARMRU,SSDLVALSGGHTFGK,light,0.1303
9-1_Site56A_G4_CalCurve_run_309.wiff,sp|P00433|PER1A_ARMRU,SSDLVALSGGHTFGK,light,0.1266
9-1_Site56A_H1_CalCurve_run_044.wiff,sp|P00433|PER1A_ARMRU,SSDLVALSGGHTFGK,light,0.5392
9-1_Site56A_H2_CalCurve_run_096.wiff,sp|P00433|PER1A_ARMRU,SSDLVALSGGHTFGK,light,0.5354
9-1_Site56A_H3_CalCurve_run_159.wiff,sp|P00433|PER1A_ARMRU,SSDLVALSGGHTFGK,light,0.5448
9-1_Site56A_H4_CalCurve_run_310.wiff,sp|P00433|PER1A_ARMRU,SSDLVALSGGHTFGK,light,0.5355
9-1_Site56A_I1_CalCurve_run_047.wiff,sp|P00433|PER1A_ARMRU,SSDLVALSGGHTFGK,light,2.2945
9-1_Site56A_I2_CalCurve_run_099.wiff,sp|P00433|PER1A_ARMRU,SSDLVALSGGHTFGK,light,2.2406
9-1_Site56A_I3_CalCurve_run_162.wiff,sp|P00433|PER1A_ARMRU,SSDLVALSGGHTFGK,light,2.1852
9-1_Site56A_I4_CalCurve_run_313.wiff,sp|P00433|PER1A_ARMRU,SSDLVALSGGHTFGK,light,2.1927
9-1_Site56A_J1_CalCurve_run_048.wiff,sp|P00433|PER1A_ARMRU,SSDLVALSGGHTFGK,light,9.0514
9-1_Site56A_J2_CalCurve_run_100.wiff,sp|P00433|PER1A_ARMRU,SSDLVALSGGHTFGK,light,8.9282
9-1_Site56A_J3_CalCurve_run_163.wiff,sp|P00433|PER1A_ARMRU,SSDLVALSGGHTFGK,light,9.1583
9-1_Site56A_J4_CalCurve_run_314.wiff,sp|P00433|PER1A_ARMRU,SSDLVALSGGHTFGK,light,9.3359
